{"cameraMode":{"drawMode":0,"name":"Shaded","section":"Shading Mode"},"sceneLighting":false,"audioPlay":false,"sceneViewState":{"m_AlwaysRefresh":false,"showFog":true,"showSkybox":false,"showFlares":true,"showImageEffects":true,"showParticleSystems":true,"showVisualEffectGraphs":true,"m_FxEnabled":true},"in2DMode":false,"pivot":{"x":10.797682762145996,"y":2.4070162773132326,"z":16.73373794555664},"rotation":{"x":-0.06023019179701805,"y":0.06517064571380615,"z":0.0038341425824910404,"w":0.9960574507713318},"size":12.992502212524414,"orthographic":false}