{"cameraMode":{"drawMode":0,"name":"Shaded","section":"Shading Mode"},"sceneLighting":true,"audioPlay":false,"sceneViewState":{"m_AlwaysRefresh":false,"showFog":true,"showSkybox":true,"showFlares":true,"showImageEffects":true,"showParticleSystems":true,"showVisualEffectGraphs":true,"m_FxEnabled":true},"in2DMode":false,"pivot":{"x":-58.105533599853519,"y":-89.37946319580078,"z":1015.0657958984375},"rotation":{"x":0.04012705758213997,"y":-0.026141729205846788,"z":0.0009502542088739574,"w":0.9988526105880737},"size":565.8834228515625,"orthographic":false}