{"cameraMode":{"drawMode":0,"name":"Shaded","section":"Shading Mode"},"sceneLighting":true,"audioPlay":false,"sceneViewState":{"m_AlwaysRefresh":false,"showFog":true,"showSkybox":true,"showFlares":true,"showImageEffects":true,"showParticleSystems":true,"showVisualEffectGraphs":true,"m_FxEnabled":true},"in2DMode":false,"pivot":{"x":-6.893741607666016,"y":-156.7740478515625,"z":1004.94482421875},"rotation":{"x":0.07901638746261597,"y":-0.020115168765187265,"z":0.0014872971223667265,"w":0.9966797828674316},"size":565.8834228515625,"orthographic":false}