{"cameraMode":{"drawMode":0,"name":"Shaded","section":"Shading Mode"},"sceneLighting":true,"audioPlay":false,"sceneViewState":{"m_AlwaysRefresh":false,"showFog":true,"showSkybox":true,"showFlares":true,"showImageEffects":true,"showParticleSystems":true,"showVisualEffectGraphs":true,"m_FxEnabled":true},"in2DMode":false,"pivot":{"x":-31.07717514038086,"y":-132.26199340820313,"z":909.4742431640625},"rotation":{"x":0.07156535983085633,"y":-0.026098966598510743,"z":0.0017734345747157932,"w":0.9970954656600952},"size":497.46148681640627,"orthographic":false}