{"cameraMode":{"drawMode":0,"name":"Shaded","section":"Shading Mode"},"sceneLighting":true,"audioPlay":false,"sceneViewState":{"m_AlwaysRefresh":false,"showFog":true,"showSkybox":true,"showFlares":true,"showImageEffects":true,"showParticleSystems":true,"showVisualEffectGraphs":true,"m_FxEnabled":true},"in2DMode":false,"pivot":{"x":-3.1994547843933107,"y":-3.5425100326538088,"z":22.96990203857422},"rotation":{"x":0.06938080489635468,"y":0.045097533613443378,"z":-0.003234356874600053,"w":0.9965678453445435},"size":25.792146682739259,"orthographic":false}