{"cameraMode":{"drawMode":0,"name":"Shaded","section":"Shading Mode"},"sceneLighting":true,"audioPlay":false,"sceneViewState":{"m_AlwaysRefresh":false,"showFog":true,"showSkybox":true,"showFlares":true,"showImageEffects":true,"showParticleSystems":true,"showVisualEffectGraphs":true,"m_FxEnabled":true},"in2DMode":false,"pivot":{"x":376.10498046875,"y":96.11564636230469,"z":968.2744750976563},"rotation":{"x":-0.041680533438920978,"y":0.18263690173625947,"z":0.0076441396959125999,"w":0.9822725653648377},"size":574.1051635742188,"orthographic":false}