{"cameraMode":{"drawMode":0,"name":"Shaded","section":"Shading Mode"},"sceneLighting":false,"audioPlay":false,"sceneViewState":{"m_AlwaysRefresh":false,"showFog":true,"showSkybox":false,"showFlares":true,"showImageEffects":true,"showParticleSystems":true,"showVisualEffectGraphs":true,"m_FxEnabled":true},"in2DMode":false,"pivot":{"x":-1.2055412530899048,"y":4.616740703582764,"z":-24.81392478942871},"rotation":{"x":-0.024305835366249086,"y":-0.011399702169001103,"z":0.0002773393935058266,"w":-0.9996419548988342},"size":3.742563486099243,"orthographic":false}